{
  "integrations": [
    {
      "id": "4c7fc75f-5800-428f-9cb8-d528de32b4a8",
      "name": "Incident alert webhook",
      "action": "CREATE_EVENT",
      "type": "INBOUND_WEBHOOK",
      "deployed": true,
      "form": "9f59fe65-91c1-4d6c-9757-63911a820fcc",
      "script": "var dynatraceUtil = require('Dynatrace Util');\n\n// Parse the POST data\nrequestBody = JSON.parse(request.body);\n\n// Set up the payload\nvar data = dynatraceUtil.processDefaultPayload(requestBody);\nconsole.log(\"data: \" + JSON.stringify(data));\n\ntrigger.properties = data;\n\n// Create xMatters event\nvar response = form.post(trigger);\n\n// Handle the response\nif (response.statusCode >= 200 && response.statusCode < 300) {\n    console.log(\"Incident Alert webhook succeeded with response\");\n    console.log(JSON.stringify(response));\n} else {\n    console.log(\"Incident Alert webhook failed with response: \" + JSON.stringify(response));\n    throw response;\n}",
      "environment": "HOSTED"
    },
    {
      "id": "47cd8a42-9abb-4f52-a769-e1330d8e7d87",
      "name": "Incident alert webhook - Delivery updates",
      "action": "RUN_SCRIPT",
      "type": "OUTBOUND_WEBHOOK",
      "triggeredBy": "DELIVERYSTATUS",
      "deployed": true,
      "form": "9f59fe65-91c1-4d6c-9757-63911a820fcc",
      "script": "var dynatraceUtil = require('Dynatrace Util');\n\nvar callback = JSON.parse(request.body);\n// console.log(\"Executing outbound integration for xMatters event ID: \" + callback.eventIdentifier);\n\n// Convert list of event properties to an eventProperties object\nif (callback.eventProperties && Array.isArray(callback.eventProperties)) {\n    var eventProperties = callback.eventProperties;\n    callback.eventProperties = {};\n\n    for (var i = 0; i < eventProperties.length; i++) {\n        var eventProperty = eventProperties[i];\n        var key = Object.keys(eventProperty)[0];\n        callback.eventProperties[key] = eventProperty[key];\n    }\n}\n\nvar dynatraceComment = \"Dynatrace: xMatters Event [\" + callback.eventIdentifier + \"]: \" + callback.deliveryStatus +\n    \" to \" + callback.recipient + \" on \" + callback.device;\nvar xMattersIntegrationName = \"Incident alert webhook - Delivery updates\";\ndynatraceUtil.postComment(callback.eventProperties.PID, dynatraceComment, xMattersIntegrationName, \"xMatters\");\n",
      "environment": "HOSTED"
    },
    {
      "id": "e79e49d5-031a-48c0-ba30-52ce1538c754",
      "name": "Incident alert webhook - Notification responses",
      "action": "RUN_SCRIPT",
      "type": "OUTBOUND_WEBHOOK",
      "triggeredBy": "RESPONSE",
      "deployed": true,
      "form": "9f59fe65-91c1-4d6c-9757-63911a820fcc",
      "script": "var dynatraceUtil = require('Dynatrace Util');\n\nvar callback = JSON.parse(request.body);\n// console.log(\"Executing outbound integration for xMatters event ID: \" + callback.eventIdentifier);\n\n// Convert list of event properties to an eventProperties object\nif (callback.eventProperties && Array.isArray(callback.eventProperties)) {\n    var eventProperties = callback.eventProperties;\n    callback.eventProperties = {};\n\n    for (var i = 0; i < eventProperties.length; i++) {\n        var eventProperty = eventProperties[i];\n        var key = Object.keys(eventProperty)[0];\n        callback.eventProperties[key] = eventProperty[key];\n    }\n}\n\nvar dynatraceComment = \"Incident alert: xMatters Event [\" + callback.eventIdentifier + \"]: \"+ callback.recipient +\n    \" responded with \" + callback.response + \" on \" + callback.device;\nvar xMattersIntegrationName = \"Incident alert webhook - Notification responses\";\ndynatraceUtil.postComment(callback.eventProperties.PID, dynatraceComment, xMattersIntegrationName, callback.recipient, \"xMatters\");\n",
      "environment": "HOSTED"
    },
    {
      "id": "78527ffb-971c-4c18-bbac-1c2bc38fe307",
      "name": "Incident alert webhook - Status updates",
      "action": "RUN_SCRIPT",
      "type": "OUTBOUND_WEBHOOK",
      "triggeredBy": "STATUS",
      "deployed": true,
      "form": "9f59fe65-91c1-4d6c-9757-63911a820fcc",
      "script": "var dynatraceUtil = require('Dynatrace Util');\n\nvar callback = JSON.parse(request.body);\n// console.log(\"Executing outbound integration for xMatters event ID: \" + callback.eventIdentifier);\n\n// Convert list of event properties to an eventProperties object\nif (callback.eventProperties && Array.isArray(callback.eventProperties)) {\n    var eventProperties = callback.eventProperties;\n    callback.eventProperties = {};\n\n    for (var i = 0; i < eventProperties.length; i++) {\n        var eventProperty = eventProperties[i];\n        var key = Object.keys(eventProperty)[0];\n        callback.eventProperties[key] = eventProperty[key];\n    }\n}\n\nvar dynatraceComment = \"Incident alert: xMatters Event [\" + callback.eventIdentifier + \"]: Status has changed to \" + callback.status;\nvar xMattersIntegrationName = \"Incident alert webhook - Status updates\";\ndynatraceUtil.postComment(callback.eventProperties.PID, dynatraceComment, xMattersIntegrationName, \"xMatters\");\n",
      "environment": "HOSTED"
    }
  ],
  "endpoints": [
    {
      "name": "Dynatrace",
      "baseUrl": "https://ule03410.live.dynatrace.com",
      "type": "EXTERNAL",
      "authentication": "NO_AUTH"
    }
  ],
  "constants": [
    {
      "name": "DYNATRACE_API_TOKEN",
      "value": "IObA49S7R9mbT04MXPekT",
      "description": ""
    }
  ]
}