{
  "integrations": [
    {
      "id": "9ff52954-6d48-4e85-b8ce-91d9acc38d97",
      "name": "Incident alert webhook",
      "action": "CREATE_EVENT",
      "type": "INBOUND_WEBHOOK",
      "deployed": true,
      "form": "f37265d3-a0aa-47fc-be9c-e04f91ccfd26",
      "script": "var dynatraceUtil = require('Dynatrace Util');\n\n// Parse the POST data\nrequestBody = JSON.parse(request.body);\n\n// Set up the payload\nvar data = dynatraceUtil.processDefaultPayload(requestBody);\nconsole.log(\"data: \" + JSON.stringify(data));\n\ntrigger.properties = data;\n\n// Create xMatters event\nvar response = form.post(trigger);\n\n// Handle the response\nif (response.statusCode >= 200 && response.statusCode < 300) {\n    console.log(\"Incident Alert webhook succeeded with response\");\n    console.log(JSON.stringify(response));\n} else {\n    console.log(\"Incident Alert webhook failed with response: \" + JSON.stringify(response));\n    throw response;\n}",
      "environment": "HOSTED"
    },
    {
      "id": "6899fa25-1a61-431f-a0d1-a4799ba4cead",
      "name": "Incident alert webhook - Delivery updates",
      "action": "RUN_SCRIPT",
      "type": "OUTBOUND_WEBHOOK",
      "triggeredBy": "DELIVERYSTATUS",
      "deployed": true,
      "form": "f37265d3-a0aa-47fc-be9c-e04f91ccfd26",
      "script": "var dynatraceUtil = require('Dynatrace Util');\n\nvar callback = JSON.parse(request.body);\n// console.log(\"Executing outbound integration for xMatters event ID: \" + callback.eventIdentifier);\n\n// Convert list of event properties to an eventProperties object\nif (callback.eventProperties && Array.isArray(callback.eventProperties)) {\n    var eventProperties = callback.eventProperties;\n    callback.eventProperties = {};\n\n    for (var i = 0; i < eventProperties.length; i++) {\n        var eventProperty = eventProperties[i];\n        var key = Object.keys(eventProperty)[0];\n        callback.eventProperties[key] = eventProperty[key];\n    }\n}\n\nvar dynatraceComment = \"Dynatrace: xMatters Event [\" + callback.eventIdentifier + \"]: \" + callback.deliveryStatus +\n    \" to \" + callback.recipient + \" on \" + callback.device;\nvar xMattersIntegrationName = \"Incident alert webhook - Delivery updates\";\ndynatraceUtil.postComment(callback.eventProperties.PID, dynatraceComment, xMattersIntegrationName, \"xMatters\");\n",
      "environment": "HOSTED"
    },
    {
      "id": "ce797ee8-e653-4b41-bf63-75c07c56abcf",
      "name": "Incident alert webhook - Notification responses",
      "action": "RUN_SCRIPT",
      "type": "OUTBOUND_WEBHOOK",
      "triggeredBy": "RESPONSE",
      "deployed": true,
      "form": "f37265d3-a0aa-47fc-be9c-e04f91ccfd26",
      "script": "var dynatraceUtil = require('Dynatrace Util');\n\nvar callback = JSON.parse(request.body);\n// console.log(\"Executing outbound integration for xMatters event ID: \" + callback.eventIdentifier);\n\n// Convert list of event properties to an eventProperties object\nif (callback.eventProperties && Array.isArray(callback.eventProperties)) {\n    var eventProperties = callback.eventProperties;\n    callback.eventProperties = {};\n\n    for (var i = 0; i < eventProperties.length; i++) {\n        var eventProperty = eventProperties[i];\n        var key = Object.keys(eventProperty)[0];\n        callback.eventProperties[key] = eventProperty[key];\n    }\n}\n\nvar dynatraceComment = \"Incident alert: xMatters Event [\" + callback.eventIdentifier + \"]: \"+ callback.recipient +\n    \" responded with \" + callback.response + \" on \" + callback.device;\nvar xMattersIntegrationName = \"Incident alert webhook - Notification responses\";\ndynatraceUtil.postComment(callback.eventProperties.PID, dynatraceComment, xMattersIntegrationName, callback.recipient, \"xMatters\");\n",
      "environment": "HOSTED"
    },
    {
      "id": "93c4dbfc-d6a3-49c8-822d-b223b29c67c9",
      "name": "Incident alert webhook - Status updates",
      "action": "RUN_SCRIPT",
      "type": "OUTBOUND_WEBHOOK",
      "triggeredBy": "STATUS",
      "deployed": true,
      "form": "f37265d3-a0aa-47fc-be9c-e04f91ccfd26",
      "script": "var dynatraceUtil = require('Dynatrace Util');\n\nvar callback = JSON.parse(request.body);\n// console.log(\"Executing outbound integration for xMatters event ID: \" + callback.eventIdentifier);\n\n// Convert list of event properties to an eventProperties object\nif (callback.eventProperties && Array.isArray(callback.eventProperties)) {\n    var eventProperties = callback.eventProperties;\n    callback.eventProperties = {};\n\n    for (var i = 0; i < eventProperties.length; i++) {\n        var eventProperty = eventProperties[i];\n        var key = Object.keys(eventProperty)[0];\n        callback.eventProperties[key] = eventProperty[key];\n    }\n}\n\nvar dynatraceComment = \"Incident alert: xMatters Event [\" + callback.eventIdentifier + \"]: Status has changed to \" + callback.status;\nvar xMattersIntegrationName = \"Incident alert webhook - Status updates\";\ndynatraceUtil.postComment(callback.eventProperties.PID, dynatraceComment, xMattersIntegrationName, \"xMatters\");\n",
      "environment": "HOSTED"
    }
  ],
  "endpoints": [
    {
      "name": "Dynatrace",
      "baseUrl": "https://acme.live.dynatrace.com",
      "type": "EXTERNAL",
      "authentication": "NO_AUTH"
    }
  ],
  "constants": [
    {
      "name": "DYNATRACE_API_TOKEN",
      "value": "DYNATRACE TOKEN HERE",
      "description": ""
    }
  ]
}