{
  "integrations": [
    {
      "id": "6b37944f-0964-4701-97c2-9b97707c1f62",
      "name": "Incident alert webhook",
      "action": "CREATE_EVENT",
      "type": "INBOUND_WEBHOOK",
      "deployed": true,
      "form": "72038cc8-0085-4965-89db-f13fe40e9b8e",
      "script": "var dynatraceUtil = require('Dynatrace Util');\n\n// Parse the POST data\nrequestBody = JSON.parse(request.body);\n\n// Set up the payload\nvar data = dynatraceUtil.processDefaultPayload(requestBody);\nconsole.log(\"data: \" + JSON.stringify(data));\n\ntrigger.properties = data;\n\n// Create xMatters event\nvar response = form.post(trigger);\n\n// Handle the response\nif (response.statusCode >= 200 && response.statusCode < 300) {\n    console.log(\"Incident Alert webhook succeeded with response\");\n    console.log(JSON.stringify(response));\n} else {\n    console.log(\"Incident Alert webhook failed with response: \" + JSON.stringify(response));\n    throw response;\n}",
      "environment": "HOSTED"
    },
    {
      "id": "50d67ac2-e2fe-42c2-8a26-0031a0deb7db",
      "name": "Incident alert webhook - Delivery updates",
      "action": "RUN_SCRIPT",
      "type": "OUTBOUND_WEBHOOK",
      "triggeredBy": "DELIVERYSTATUS",
      "deployed": true,
      "form": "72038cc8-0085-4965-89db-f13fe40e9b8e",
      "script": "var dynatraceUtil = require('Dynatrace Util');\n\nvar callback = JSON.parse(request.body);\n// console.log(\"Executing outbound integration for xMatters event ID: \" + callback.eventIdentifier);\n\n// Convert list of event properties to an eventProperties object\nif (callback.eventProperties && Array.isArray(callback.eventProperties)) {\n    var eventProperties = callback.eventProperties;\n    callback.eventProperties = {};\n\n    for (var i = 0; i < eventProperties.length; i++) {\n        var eventProperty = eventProperties[i];\n        var key = Object.keys(eventProperty)[0];\n        callback.eventProperties[key] = eventProperty[key];\n    }\n}\n\nvar dynatraceComment = \"Dynatrace: xMatters Event [\" + callback.eventIdentifier + \"]: \" + callback.deliveryStatus +\n    \" to \" + callback.recipient + \" on \" + callback.device;\nvar xMattersIntegrationName = \"Incident alert webhook - Delivery updates\";\ndynatraceUtil.postComment(callback.eventProperties.PID, dynatraceComment, xMattersIntegrationName, \"xMatters\");\n",
      "environment": "HOSTED"
    },
    {
      "id": "fea124e0-3ddd-4dbd-83ae-3473d46e26cb",
      "name": "Incident alert webhook - Notification responses",
      "action": "RUN_SCRIPT",
      "type": "OUTBOUND_WEBHOOK",
      "triggeredBy": "RESPONSE",
      "deployed": true,
      "form": "72038cc8-0085-4965-89db-f13fe40e9b8e",
      "script": "var dynatraceUtil = require('Dynatrace Util');\n\nvar callback = JSON.parse(request.body);\n// console.log(\"Executing outbound integration for xMatters event ID: \" + callback.eventIdentifier);\n\n// Convert list of event properties to an eventProperties object\nif (callback.eventProperties && Array.isArray(callback.eventProperties)) {\n    var eventProperties = callback.eventProperties;\n    callback.eventProperties = {};\n\n    for (var i = 0; i < eventProperties.length; i++) {\n        var eventProperty = eventProperties[i];\n        var key = Object.keys(eventProperty)[0];\n        callback.eventProperties[key] = eventProperty[key];\n    }\n}\n\nvar dynatraceComment = \"Incident alert: xMatters Event [\" + callback.eventIdentifier + \"]: \"+ callback.recipient +\n    \" responded with \" + callback.response + \" on \" + callback.device;\nvar xMattersIntegrationName = \"Incident alert webhook - Notification responses\";\ndynatraceUtil.postComment(callback.eventProperties.PID, dynatraceComment, xMattersIntegrationName, callback.recipient, \"xMatters\");\n",
      "environment": "HOSTED"
    },
    {
      "id": "3280a867-d62e-4c23-8a8b-0fcabbc78aa4",
      "name": "Incident alert webhook - Status updates",
      "action": "RUN_SCRIPT",
      "type": "OUTBOUND_WEBHOOK",
      "triggeredBy": "STATUS",
      "deployed": true,
      "form": "72038cc8-0085-4965-89db-f13fe40e9b8e",
      "script": "var dynatraceUtil = require('Dynatrace Util');\n\nvar callback = JSON.parse(request.body);\n// console.log(\"Executing outbound integration for xMatters event ID: \" + callback.eventIdentifier);\n\n// Convert list of event properties to an eventProperties object\nif (callback.eventProperties && Array.isArray(callback.eventProperties)) {\n    var eventProperties = callback.eventProperties;\n    callback.eventProperties = {};\n\n    for (var i = 0; i < eventProperties.length; i++) {\n        var eventProperty = eventProperties[i];\n        var key = Object.keys(eventProperty)[0];\n        callback.eventProperties[key] = eventProperty[key];\n    }\n}\n\nvar dynatraceComment = \"Incident alert: xMatters Event [\" + callback.eventIdentifier + \"]: Status has changed to \" + callback.status;\nvar xMattersIntegrationName = \"Incident alert webhook - Status updates\";\ndynatraceUtil.postComment(callback.eventProperties.PID, dynatraceComment, xMattersIntegrationName, \"xMatters\");\n",
      "environment": "HOSTED"
    }
  ],
  "endpoints": [
    {
      "name": "Dynatrace",
      "baseUrl": "https://ule03410.live.dynatrace.com",
      "type": "EXTERNAL",
      "authentication": "NO_AUTH"
    }
  ],
  "constants": [
    {
      "name": "DYNATRACE_API_TOKEN",
      "value": "IObA49S7R9mbT04MXPekT",
      "description": ""
    }
  ]
}