[
  {
    "name": "Dynatrace Util",
    "script": "var embedUtil = require('Embed Util');\n\n\n/**\n * Process the payload coming from the third party platform (Dynatrace)\n * @param {{}} requestBody - The payload coming in\n * @returns {{}} data - to be sent to the form\n */\nexports.processDefaultPayload = function ( requestBody ) {\n    \n    // The base name of the boxes. For \"foo_bar_1\", the base name is \"foo_bar\"\n    var HTML_TEXT_PROPERTY_BASE_NAME = \"problem_details\";\n\n    // How many text boxes do we have for the big piece of custom-built HTML?\n    var HTML_TEXT_PROPERTY_COUNT = 10;\n    \n    var data = requestBody;\n    \n    // Create the embedList by generating individual items\n    var embedList = [];\n\n    embedList.push({\n        title: \"\",\n        subtitle: \"\",\n        body: data.ProblemDetails.replace(/<\\/?span[^>]*>/g,\"\").replace(/<\\/?div[^>]*>/g,\"\")\n    });\n\n    // Create the HTML\n    var eventProperties = embedUtil.buildEmbeddedTable(embedList, HTML_TEXT_PROPERTY_COUNT);\n\n    // Map the boxes back to the data properties\n    for (var j = 0; j < eventProperties.length; j++) {\n        data[HTML_TEXT_PROPERTY_BASE_NAME + \"_\" + j] = eventProperties[j];\n    }\n\n    return data;\n};\n\n\n/**\n * Post a comment to the DynaTrace activity feed.\n * @param {string} incidentId; the id of the incident\n * @param {string} message: the comment or message payload\n * @param {string} integrationName: the name of the integration\n * @returns {undefined}\n */\nexports.postComment = function ( incidentId, message, integrationName, commentUser ) {\n\n    var dynatraceMessageRequest = http.request({\n        \"endpoint\": \"Dynatrace\",\n        \"method\": \"POST\",\n        \"path\": \"/api/v1/problem/details/\" + encodeURIComponent(incidentId) + \"/comments\",\n        \"headers\": {\n            \"Content-Type\": \"application/json\",\n            \"authorization\": \"Api-Token \" + encodeURIComponent(constants.DYNATRACE_API_TOKEN)\n        }\n    });\n\n    // Create Dynatrace payload\n    var dynatraceMessage = {\n        comment: message,\n        user: commentUser,\n        context: integrationName\n    };\n\n    // Submit the request\n    var dynatraceMessageResponse = dynatraceMessageRequest.write(dynatraceMessage);\n\n    // Handle the response\n    if (dynatraceMessageResponse.statusCode >= 200 && dynatraceMessageResponse.statusCode < 300) {\n        console.log(integrationName + \" succeeded with response\");\n        console.log(JSON.stringify(dynatraceMessageResponse));\n    } else {\n        console.log(integrationName + \" failed with response: \" + JSON.stringify(dynatraceMessageResponse));\n        throw dynatraceMessageResponse;\n    }\n};\n"
  },
  {
    "name": "Embed Util",
    "script": "/*\n * Shared libraries allow you to write code once and reuse it in\n * multiple scripts in the Integration Builder.\n *\n * This example shows you how to create a new function named 'myFunction'\n * and add it to this shared library.\n *\n * To use this function in another script, include the following statements,\n * replacing 'My Shared Libarary' with the name of this shared library.\n *\n *  var mySharedLibrary = require('My Shared Library');\n *  var message = mySharedLibrary.myFunction();\n */\n\nexports.buildEmbeddedTable = function( list, maxProperties ) {\n    var maxPropertyLength = 2000;\n    var outputProperties = ['<table>'];\n    var endString = '</table>';\n    for( var i = 0; i < list.length; i++ ) {\n        var item = list[i];\n        var element = '<tr class=\"table-border\">';\n        element += '<td>';\n        element += '<h1>' + item.title + '</h1>';\n        element += '<h2>' + item.subtitle + '</h2>';\n        element += '<p>' + item.body + '</p>';\n        element += '</td>';\n        element += '</tr>';\n\n        console.log( 'Adding Element: ' + element );\n        console.log( 'Running length :: ' + (outputProperties[outputProperties.length - 1].length + element.length) );\n        if( (outputProperties[outputProperties.length - 1].length + element.length) > (maxPropertyLength - endString.length) ) {\n            if( outputProperties.length < maxProperties ) {\n                outputProperties.push( element );\n            } else {\n                console.log( 'Embed ran out of space' );\n                break;\n            }\n        } else {\n            outputProperties[outputProperties.length - 1] += element;\n        }\n    }\n    outputProperties[outputProperties.length - 1] += endString;\n    console.log( JSON.stringify(outputProperties) );\n    return outputProperties;\n};"
  }
]